ClusterID,Male%,Female%,AgeClass,TimeInHospital,NbOfProcedures,NbOfEmergencies
-1,46.478873239436616,53.521126760563384,54.985915492957744,4.52112676056338,49.97746478873239,0.028169014084507043
0,47.142857142857146,52.857142857142854,55.57142857142857,4.742857142857143,51.46071428571429,0.014285714285714285
1,45.81673306772908,54.18326693227092,56.49402390438247,4.896414342629482,49.51792828685259,0.01195219123505976
2,43.47826086956522,56.52173913043478,55.29644268774704,4.434782608695652,48.6205533596838,0.003952569169960474
3,47.019867549668874,52.980132450331126,56.854304635761586,5.099337748344371,51.35761589403973,0.023178807947019868
4,52.0,48.0,56.98461538461538,4.603076923076923,48.94769230769231,0.006153846153846154
